"first_name","last_name","email","address","phone_number","salary","password"
"Jenna","Lawrence","mowen@example.com","Parkershire","+1-564-911-5241x8199","64","5kAJsszJiC"
"John","Powell","knightrobert@example.com","Mannshire","8966676481","70096","j7XfvNTC8w"
"Sandra","Patel","janetsingleton@example.com","Briannaberg","497.651.0635x58528","33264","sBNHDG4gVZ"
"Kathleen","Cooper","brian90@example.com","Bowmantown","(307)665-2893","57182","OnONHMZ1aJ"
"Laura","Zamora","riddlemichael@example.org","Courtneyfort","(176)823-5638x20693","22447","VKjGrG5Ato"
"Jack","Turner","rebeccasoto@example.org","East Jasminebury","377.325.4067x274","61977","u1ibW46D5d"
"Kathleen","Lopez","smithgregory@example.org","Angelamouth","+1-169-423-0804","38697","bBQKtIKE1U"
"Angela","Wheeler","henry10@example.net","Melanietown","+1-841-901-9194x320","71948","sEnsRVQ5tI"
"Rhonda","Carroll","ureid@example.com","North Jeffrey","001-922-805-8800","85021","KHH7j1lScE"
"Ronnie","James","johnsonmargaret@example.com","Port Brandon","001-657-468-9338x147","209","tkej7RI8x5"
"Julia","Strong","julie45@example.org","New Christina","104-672-3000","7078","CRIdwxhqqQ"
"Victor","Castillo","jamesholland@example.org","Lake Karen","001-909-999-7332","42258","pdEf2SFgIz"
"Christina","Phillips","tammy61@example.net","West Lauren","454-070-6058","84398","E2nLnluJ2f"
"Heather","Boone","hardingjohn@example.com","Torreschester","524.340.0917","69329","oYbFPdOUN3"
"Mark","Thomas","crystallee@example.com","Jessicamouth","(970)820-4354x9140","31854","yXvc60Tf2v"
"Edward","Meyers","nlambert@example.com","Hernandezberg","545-112-4613x78895","66860","PiZQKH2aPI"
"Danielle","Brown","gregorywoods@example.org","Jessicachester","4190244610","88634","3V0gWH4tEm"
"John","Noble","rcolon@example.org","Annmouth","160-959-4760x442","60774","JkaYiCyczf"
"Angela","Conley","danielsdavid@example.org","Vanessatown","(138)616-7895x4026","19080","tphokyyZh8"
"Brandi","Martin","anthonykristin@example.net","Port Briana","327-171-0770x66716","50157","6rcYfIpksp"
"Sandra","Macias","howard93@example.com","West Phillip","001-063-433-0304","21541","Bwkeh0tczj"
"Patrick","Williams","ryan13@example.net","Drewchester","106.505.3245x9716","13844","G7obGwj2m4"
"Jocelyn","Ward","mariachurch@example.org","Brockborough","616-888-4794x06162","62713","OGVjFqvaeN"
"Samantha","Hill","rivasjohn@example.com","Keithburgh","891-459-0362x38910","48354","tfkBu4b1GK"
"Christine","Wilson","lee88@example.org","Austinfort","2916711303","29121","GhUwkoY7Rb"
"Shane","Solis","tiffanyboyle@example.net","North Yolandachester","631.042.7795","98991","v8rG0jvvFT"
"Miguel","Hernandez","tracy12@example.org","Nguyenshire","844.861.2439","27533","Cr9SjvgUy8"
"Brenda","Hancock","beth44@example.org","West Nancy","926-217-3209","98485","Gr7q0fdvbx"
"Walter","Simmons","nancycole@example.com","Fieldshaven","(355)304-2870","76916","NkU2YQXpSL"
"James","Christian","tinahuber@example.com","Port Suzanneberg","001-899-657-6838x20953","7334","1bBYe1K7Wr"
"Lisa","Sanchez","baileybrandy@example.net","Seanmouth","6977429076","26558","KlBTu8hbgq"
"Timothy","Miller","jaredsimmons@example.net","South Anna","639.567.9077","57846","XHGfEu5n2t"
"Deborah","Juarez","hutchinsonchristopher@example.net","Port Anthony","223.104.3894","37071","erCBwM2kuL"
"Sean","Hansen","mmartinez@example.net","Lake Josephhaven","(412)050-4999x2068","54926","LJO6MCNbIP"
"Peter","Lopez","theodoremartin@example.net","Port Carla","037-541-6826x93582","42642","BzgrjnP3Ip"
"Bailey","Wilcox","kathygordon@example.org","New Matthew","156.880.4702x01471","77334","xsa2cOewbw"
"Valerie","Hudson","michaelsimmons@example.net","East Katherine","001-891-504-8234x05327","41626","WNkoDe3Qu1"
"Angela","Wheeler","romaneric@example.com","Hamptonmouth","+1-511-369-1850x2614","23705","hjtwRzFOF8"
"Christopher","Cohen","flong@example.net","Guzmanport","262-615-7581x4078","83495","WebJZdrJNu"
"Adam","Malone","mike73@example.com","North Tina","276-477-9872x702","75687","zygq897d8E"
"Todd","Vargas","qgarza@example.org","Port Terri","+1-585-293-4573","62431","lV9cNt4mYV"
"Ronnie","Carpenter","daniel17@example.net","Jesseton","001-400-687-9214","52860","1vZLzIT7uz"
"Lisa","Richardson","robertslaura@example.net","Jesseshire","+1-287-844-7322","8207","0NyvWM3DPA"
"Kevin","Pitts","jesseestrada@example.com","Sherihaven","454.105.2967x38299","87322","q75Pgxmpxd"
"Charles","Wilson","valenciacolleen@example.org","Kathleenstad","(352)532-9800","32740","MMh6xEPRvn"
"Daniel","Johnson","sarahshaw@example.net","Port Steveland","633-813-6471x613","54873","71vVWW03Hz"
"Crystal","Scott","johnathan07@example.org","Lake Nicholasberg","(933)181-4312x40935","73205","p1F192IznY"
"Tonya","Nguyen","toddrita@example.com","Port Harry","+1-692-927-6699x6171","84172","6gRmcGwBS4"
"Jeffrey","Glass","dmiller@example.com","Lake Douglas","+1-903-772-7056x347","25640","Q2rRBFnd4q"
"John","Mills","benjaminlisa@example.com","Whitebury","(630)410-0290x067","12059","fBhC6B5sVq"
"William","Williams","fosterdavid@example.net","Howellland","(047)667-5982","49288","S0eQqNWnlP"
"Tammy","Evans","lukebailey@example.org","Duncanville","843-849-7157","74595","QZqt2yTFv2"
"Sarah","Williams","wilkinsanthony@example.org","North Jenniferland","419-240-6484x7524","69192","HvmABPtS88"
"Sophia","Vance","carrollandrew@example.com","New Melissa","160-062-4989x30800","81808","vRVovrh4xD"
"Amanda","Powell","danielmcdaniel@example.org","Port Johnland","(857)412-0828x89701","59397","9p2tphC9WX"
"Glenda","Greer","brucesanchez@example.org","Port Philiptown","091.888.7161x622","41807","pCvY9apTnK"
"Rose","Walker","vthompson@example.com","Shellyburgh","(388)325-4464","94014","lPCXjWUZDS"
"Kaitlyn","Brown","megantodd@example.com","Campbellland","524.420.8012x06028","64209","6lNwzjULrf"
"Michael","Jackson","glucas@example.net","Brianland","+1-005-527-2228x20460","35019","05nSToop3d"
"Brian","Holland","jerryreed@example.net","Amyside","+1-619-167-7853x8573","13821","G3Bh1OE3QU"
"Shannon","Stephens","gabrielcarpenter@example.com","West Dianafurt","(002)307-4116x4866","96357","UwdePvgBr9"
"Melissa","Blair","kaylamedina@example.com","Petersonville","001-782-652-8515","70078","tXCv96ihcv"
"Emily","Carpenter","douglas52@example.org","Jaytown","001-205-571-8404","58283","snFAWj1dWT"
"Bradley","Smith","eparker@example.com","Trantown","+1-024-233-1384x029","868","X6NpQNvR4c"
"Catherine","Daniels","johnsonkristin@example.org","Lake Lori","3801006265","59035","o05JcZRNLq"
"Lauren","Wood","richardgonzales@example.com","Dominguezbury","+1-568-862-0685x31267","62852","4wMV9KU7qd"
"Cheryl","Chaney","lgates@example.org","New Samuel","(291)549-1131","92665","7AnsAeGPCT"
"Amanda","Vang","kyle84@example.net","North Laurashire","500.277.0885x61674","41355","rtDrkuGmAp"
"Katelyn","Rodgers","robertjames@example.com","Ericview","+1-833-890-7342x75349","15493","VJIWqlUUnd"
"Robert","Cox","pricetraci@example.net","Andradeburgh","(617)207-3676x81861","29463","AxIzGTjavN"
"Juan","Schroeder","michelle39@example.net","Emilyshire","+1-504-755-2120x166","6529","uFUlpK7jpQ"
"Nicholas","Garcia","sarahmclean@example.net","South Christinefurt","(126)279-2769","16978","f86LRtaVic"
"Cindy","Alexander","knighttiffany@example.org","Cortezview","001-699-946-4425x8735","79528","2PezKf3O1m"
"Jacob","Evans","mkeith@example.com","New Keith","593.306.1152x92633","36494","rwoBltpTFx"
"Stephanie","Cox","kelleyrebecca@example.com","Chadside","001-551-319-1544x9853","80889","tnqUuRj0QT"
"Catherine","Hutchinson","yballard@example.com","Lake Johnton","001-612-837-7109x9448","2310","dxLdJZUHCi"
"William","Nelson","eric98@example.net","Davidville","(827)484-5454","68746","7JmXtzNyPJ"
"John","Arnold","sherri37@example.org","Lake Pamelashire","(257)946-9084","75763","KbBSSwLesR"
"Sarah","Ferguson","robert46@example.org","Travisville","5027556187","6460","2jdkTWqxNd"
"Jennifer","Woodard","ericpatterson@example.net","Hernandezmouth","733.567.4716x428","41157","WJbc6Wmsb6"
"Matthew","Miller","xking@example.com","East Sheilashire","(123)510-7074x02817","64599","p1RymhiTFB"
"Angel","Deleon","fieldsedward@example.net","Cherylshire","001-077-768-0356","40197","5enPKhPnBm"
"Julie","Rivera","qwalker@example.com","East William","011-211-4111x0783","20576","1LHYGFr5gc"
"Anita","Miller","stravis@example.com","East Patriciafort","(261)681-0346","10164","SzMYdk0Up9"
"Ryan","Benitez","ifrank@example.net","Thomasfort","231-176-6806x01240","85605","8rZwiJcLed"
"Christine","Blevins","zhopkins@example.com","Knoxhaven","001-935-946-9089x56499","36716","CmygiSXq2g"
"Reginald","Horton","maria88@example.org","Wattsfurt","(645)708-4818x97914","28016","7wArumLiNr"
"Sheila","Henderson","ghughes@example.org","Natalieview","7265025047","5126","hvJeJvC7XQ"
"Robin","Bowers","wglenn@example.com","South Lisaton","936.435.2999x55491","83992","8vlLJsZkba"
"Alicia","Mcdaniel","austinjenkins@example.org","Parkshaven","001-084-792-2965x3186","15385","KJjooOsde7"
"Scott","Davis","joseph32@example.net","West Michaelberg","(904)837-6676","6047","TY2M8X3R5R"
"Danielle","Thompson","theresajohnson@example.com","New William","586-236-8349","31546","cuVqdcYxDP"
"Barbara","Joyce","fvaldez@example.com","Danielchester","(799)711-6584x036","87846","AcBkFJyAa3"
"Justin","Williams","nyoung@example.org","South Jennifer","5860074898","41274","RJPJ7lRgwf"
"Gary","Dunn","iwoods@example.com","West Jacobmouth","(835)997-6149x2586","33101","lpjUnTUebJ"
"Jason","Cox","cjackson@example.com","East Brittanyberg","195-073-2410","3510","3yT3ofTge9"
"Elizabeth","Barber","lcarter@example.net","Sandersview","+1-989-934-3639x138","89473","M4ExYngkTy"
"Cynthia","Dawson","tylercoleman@example.com","Lake Christina","(325)844-2267x478","45030","N4mtKIeKOU"
"Jeffrey","Campos","davidpena@example.net","Brendamouth","001-912-185-0849","48473","kPOoceGAdk"
"Bryan","Adkins","anna00@example.net","Chambersmouth","(774)103-3146","37698","MBvVy33sEE"
